timestamp,device_id,error_code,customer_impact,revenue_risk
2025-08-03T04:31:04.973748,T6,OVERLOAD,6003,143633
2025-08-04T00:01:04.973748,R2,POWER_FAIL,5377,513295
2025-08-03T01:38:04.973748,T12,BGP_FAIL,8104,376809
2025-08-03T02:48:04.973748,T3,LINK_DOWN,9598,914263
2025-08-03T01:11:04.973748,T1,POWER_FAIL,9470,586746
2025-08-03T20:28:04.973748,T14,CONFIG_ERROR,8038,243351
2025-08-03T05:40:04.973748,T7,OVERLOAD,485,826051
2025-08-03T00:31:04.973748,T9,FIBER_CUT,7647,696224
2025-08-04T00:13:04.973748,T1,TIMEOUT,3311,951507
2025-08-03T18:33:04.973748,T7,OVERLOAD,2760,52890
2025-08-03T13:16:04.973748,T12,FIBER_CUT,6902,609205
2025-08-03T09:21:04.973748,T19,LINK_DOWN,6964,162464
2025-08-03T05:13:04.973748,T5,OVERLOAD,2415,521283
2025-08-03T10:41:04.973748,T17,TIMEOUT,1052,411505
2025-08-03T23:58:04.973748,R4,LINK_DOWN,1038,880857
2025-08-03T16:52:04.973748,R1,FIBER_CUT,8195,192741
2025-08-03T07:25:04.973748,T10,OVERLOAD,5611,513991
2025-08-03T18:10:04.973748,T11,OVERLOAD,8994,233351
2025-08-03T01:58:04.973748,R2,LINK_DOWN,8558,308427
2025-08-03T01:00:04.973748,R4,TIMEOUT,8506,922080
2025-08-03T12:52:04.973748,R9,BGP_FAIL,1588,547497
2025-08-03T07:22:04.973748,T2,LINK_DOWN,1696,277147
2025-08-03T05:55:04.973748,R10,TIMEOUT,7776,822409
2025-08-03T01:20:04.973748,R9,FIBER_CUT,1205,970408
2025-08-03T15:50:04.973748,T7,CONFIG_ERROR,6796,393366
2025-08-03T21:11:04.973748,T4,POWER_FAIL,793,272055
2025-08-03T08:37:04.973748,T6,FIBER_CUT,4832,149622
2025-08-03T01:23:04.973748,T10,OVERLOAD,9548,48227
2025-08-03T20:15:04.973748,T15,OVERLOAD,1022,327587
2025-08-03T21:54:04.973748,T1,TIMEOUT,1018,334095
2025-08-03T07:04:04.973748,T15,TIMEOUT,5187,970522
2025-08-03T01:09:04.973748,T8,LINK_DOWN,6535,758530
2025-08-03T19:14:04.973748,R3,BGP_FAIL,9853,742672
2025-08-03T17:26:04.973748,T10,FIBER_CUT,7063,512171
2025-08-04T00:27:04.973748,T15,FIBER_CUT,1042,153073
2025-08-03T07:54:04.973748,T9,FIBER_CUT,2240,534151
2025-08-03T14:59:04.973748,R1,BGP_FAIL,474,564691
2025-08-03T03:52:04.973748,R4,LINK_DOWN,7480,829647
2025-08-03T12:05:04.973748,T13,BGP_FAIL,8155,721668
2025-08-03T12:18:04.973748,R1,HARDWARE_FAIL,3501,602466
2025-08-03T00:50:04.973748,T1,CONFIG_ERROR,7563,16683
2025-08-03T00:30:04.973748,R1,LINK_DOWN,44,996731
2025-08-03T04:00:04.973748,R2,HARDWARE_FAIL,4469,416482
2025-08-03T18:12:04.973748,R9,OVERLOAD,1705,9044
2025-08-03T12:17:04.973748,T6,OVERLOAD,724,401276
2025-08-03T02:01:04.973748,T14,TIMEOUT,2068,547775
2025-08-03T12:43:04.973748,R2,FIBER_CUT,7545,998965
2025-08-03T21:40:04.973748,R5,TIMEOUT,1170,913869
2025-08-04T00:22:04.973748,T9,TIMEOUT,9549,334309
2025-08-03T13:16:04.973748,T17,LINK_DOWN,9513,640870
2025-08-03T11:21:04.973748,T3,FIBER_CUT,4592,657285
2025-08-03T17:05:04.973748,T5,BGP_FAIL,8454,797008
2025-08-03T13:45:04.973748,T8,OVERLOAD,1911,235714
2025-08-03T19:51:04.973748,T14,CONFIG_ERROR,8567,238547
2025-08-03T16:58:04.973748,T4,BGP_FAIL,441,6499
2025-08-03T05:24:04.973748,R5,LINK_DOWN,1477,53838
2025-08-03T13:30:04.973748,T6,BGP_FAIL,866,105456
2025-08-03T03:03:04.973748,T13,TIMEOUT,8619,865791
2025-08-03T05:20:04.973748,T18,LINK_DOWN,341,9446
2025-08-03T14:26:04.973748,T8,HARDWARE_FAIL,2451,440301
2025-08-03T06:42:04.973748,T18,OVERLOAD,8509,725187
2025-08-03T01:35:04.973748,T7,LINK_DOWN,40,81244
2025-08-03T10:50:04.973748,T1,OVERLOAD,212,29733
2025-08-03T23:59:04.973748,T2,BGP_FAIL,9395,23668
2025-08-03T06:34:04.973748,R7,LINK_DOWN,9944,832911
2025-08-03T03:07:04.973748,R4,OVERLOAD,2877,820210
2025-08-03T21:56:04.973748,T2,POWER_FAIL,8567,476102
2025-08-03T10:27:04.973748,T10,OVERLOAD,5515,48045
2025-08-03T20:34:04.973748,T5,OVERLOAD,8695,959860
2025-08-03T00:45:04.973748,T4,TIMEOUT,4083,437947
2025-08-03T18:38:04.973748,T20,TIMEOUT,1582,850136
2025-08-03T16:29:04.973748,R5,HARDWARE_FAIL,5726,776148
2025-08-03T12:02:04.973748,T16,BGP_FAIL,9142,962772
2025-08-03T01:39:04.973748,T13,TIMEOUT,3473,408411
2025-08-04T00:07:04.973748,T8,BGP_FAIL,8380,864928
2025-08-03T15:28:04.973748,T8,POWER_FAIL,7100,777530
2025-08-03T09:37:04.973748,T12,HARDWARE_FAIL,2548,892938
2025-08-03T23:56:04.973748,T20,FIBER_CUT,2455,356652
2025-08-03T06:57:04.973748,T8,TIMEOUT,3538,461645
2025-08-03T15:58:04.973748,R2,HARDWARE_FAIL,8438,499801
2025-08-03T18:03:04.973748,T8,LINK_DOWN,1499,868187
2025-08-03T15:06:04.973748,T16,BGP_FAIL,9194,599670
2025-08-03T23:10:04.973748,T19,TIMEOUT,990,968643
2025-08-03T08:32:04.973748,T7,LINK_DOWN,9112,312367
2025-08-03T15:23:04.973748,R7,BGP_FAIL,3200,296347
2025-08-03T11:44:04.973748,T5,FIBER_CUT,3627,481174
2025-08-03T09:52:04.973748,T10,TIMEOUT,1331,670427
2025-08-03T14:55:04.973748,T1,LINK_DOWN,8331,202220
2025-08-03T04:29:04.973748,T8,OVERLOAD,9388,770582
2025-08-03T07:40:04.973748,T11,TIMEOUT,7390,203036
2025-08-03T22:51:04.973748,T14,OVERLOAD,8972,457691
2025-08-03T06:45:04.973748,T9,FIBER_CUT,8133,394257
2025-08-03T03:28:04.973748,R8,OVERLOAD,8761,734834
2025-08-03T18:50:04.973748,T13,BGP_FAIL,7801,718098
2025-08-03T01:56:04.973748,T8,POWER_FAIL,5303,379527
2025-08-03T09:51:04.973748,T6,TIMEOUT,2292,444760
2025-08-03T09:33:04.973748,T8,HARDWARE_FAIL,8250,771359
2025-08-03T13:13:04.973748,T5,CONFIG_ERROR,7966,99739
2025-08-03T12:13:04.973748,R7,CONFIG_ERROR,281,329406
2025-08-03T14:50:04.973748,T7,FIBER_CUT,3499,854523
2025-08-03T23:47:04.973748,T4,FIBER_CUT,4290,580530
2025-08-03T04:24:04.973748,T4,TIMEOUT,4903,355712
2025-08-03T01:27:04.973748,T18,FIBER_CUT,103,65618
2025-08-03T12:55:04.973748,T15,HARDWARE_FAIL,5789,869727
2025-08-03T03:50:04.973748,R4,FIBER_CUT,6096,199895
2025-08-03T12:20:04.973748,R7,BGP_FAIL,2428,706089
2025-08-03T14:19:04.973748,R3,TIMEOUT,6928,37145
2025-08-03T14:05:04.973748,R4,LINK_DOWN,4717,679932
2025-08-03T03:14:04.973748,R2,OVERLOAD,3679,922339
2025-08-03T04:00:04.973748,R9,BGP_FAIL,5962,202544
2025-08-03T02:06:04.973748,T3,CONFIG_ERROR,7825,791229
2025-08-03T01:00:04.973748,R6,TIMEOUT,5002,307459
2025-08-03T04:30:04.973748,T5,HARDWARE_FAIL,3632,277219
2025-08-03T14:55:04.973748,R7,OVERLOAD,9453,910542
2025-08-03T20:20:04.973748,T10,HARDWARE_FAIL,9899,834937
2025-08-03T22:55:04.973748,R3,FIBER_CUT,8977,350921
2025-08-03T12:20:04.973748,T13,POWER_FAIL,6844,885025
2025-08-03T09:28:04.973748,T13,OVERLOAD,6030,125148
2025-08-03T09:32:04.973748,T11,LINK_DOWN,4643,150396
2025-08-03T20:20:04.973748,R10,OVERLOAD,6784,238296
2025-08-03T09:10:04.973748,T4,LINK_DOWN,3696,668324
2025-08-03T01:39:04.973748,T5,FIBER_CUT,5472,64517
2025-08-03T17:32:04.973748,R1,HARDWARE_FAIL,6326,218485
2025-08-03T03:09:04.973748,R6,LINK_DOWN,380,597606
2025-08-03T10:46:04.973748,T4,FIBER_CUT,136,780582
2025-08-03T01:33:04.973748,T9,OVERLOAD,7656,331791
2025-08-03T17:07:04.973748,T15,FIBER_CUT,7238,975761
2025-08-03T14:52:04.973748,T19,OVERLOAD,6306,239273
2025-08-03T11:19:04.973748,T14,CONFIG_ERROR,6733,430044
2025-08-03T16:59:04.973748,R9,OVERLOAD,4845,524115
2025-08-03T08:06:04.973748,T14,TIMEOUT,4258,128266
2025-08-03T23:05:04.973748,T2,CONFIG_ERROR,5895,432602
2025-08-03T20:27:04.973748,R5,HARDWARE_FAIL,6781,337067
2025-08-03T02:48:04.973748,T11,FIBER_CUT,1435,118655
2025-08-03T22:34:04.973748,R7,CONFIG_ERROR,3988,832565
2025-08-03T23:55:04.973748,R2,FIBER_CUT,5258,38855
2025-08-03T04:44:04.973748,R7,OVERLOAD,8070,310915
2025-08-03T17:25:04.973748,T11,BGP_FAIL,4060,500371
2025-08-03T23:05:04.973748,T9,LINK_DOWN,8514,928699
2025-08-03T23:26:04.973748,T15,TIMEOUT,5079,582293
2025-08-03T23:29:04.973748,T5,HARDWARE_FAIL,6365,603030
2025-08-03T03:48:04.973748,R6,CONFIG_ERROR,9460,781554
2025-08-03T09:01:04.973748,R5,BGP_FAIL,1252,359318
2025-08-03T18:15:04.973748,T15,LINK_DOWN,1630,279611
2025-08-03T10:55:04.973748,T13,TIMEOUT,4927,985728
2025-08-03T16:15:04.973748,R2,HARDWARE_FAIL,9966,284597
2025-08-03T11:20:04.973748,R8,LINK_DOWN,1435,547792
2025-08-03T02:07:04.973748,T19,FIBER_CUT,9898,991678
2025-08-03T07:09:04.973748,T5,OVERLOAD,5040,157510
2025-08-03T22:53:04.973748,T2,OVERLOAD,3720,935414
2025-08-03T03:28:04.973748,R4,LINK_DOWN,2749,85786
2025-08-03T15:52:04.973748,T2,OVERLOAD,8331,727955
2025-08-03T23:26:04.973748,T12,POWER_FAIL,2677,170250
2025-08-03T17:25:04.973748,T2,TIMEOUT,2062,629511
2025-08-03T11:34:04.973748,R7,LINK_DOWN,3682,852588
2025-08-03T18:40:04.973748,R5,CONFIG_ERROR,7724,860756
2025-08-03T21:28:04.973748,R8,OVERLOAD,6857,383031
2025-08-03T06:50:04.973748,T9,FIBER_CUT,9078,568894
2025-08-03T05:32:04.973748,R1,FIBER_CUT,4952,337109
2025-08-03T21:17:04.973748,T8,FIBER_CUT,9180,873668
2025-08-03T21:53:04.973748,R1,BGP_FAIL,3003,202546
2025-08-03T06:15:04.973748,T10,TIMEOUT,9770,18034
2025-08-03T12:34:04.973748,T19,FIBER_CUT,8331,779785
2025-08-03T23:24:04.973748,T2,LINK_DOWN,5940,473753
2025-08-03T23:08:04.973748,T17,POWER_FAIL,5458,306213
2025-08-03T06:25:04.973748,R3,OVERLOAD,9694,357562
2025-08-03T10:12:04.973748,T3,OVERLOAD,266,51437
2025-08-03T18:10:04.973748,T6,FIBER_CUT,661,559968
2025-08-03T20:00:04.973748,T18,CONFIG_ERROR,3169,564655
2025-08-03T17:54:04.973748,R5,TIMEOUT,3487,758367
2025-08-03T06:53:04.973748,T14,HARDWARE_FAIL,4282,328095
2025-08-03T05:35:04.973748,T18,BGP_FAIL,8471,714584
2025-08-03T15:59:04.973748,T15,BGP_FAIL,6561,717114
2025-08-03T08:11:04.973748,R2,POWER_FAIL,6626,421287
2025-08-03T04:33:04.973748,T13,HARDWARE_FAIL,1793,670372
2025-08-03T21:43:04.973748,R9,OVERLOAD,6566,843565
2025-08-03T03:47:04.973748,T19,TIMEOUT,8579,30320
2025-08-03T11:42:04.973748,T3,HARDWARE_FAIL,6642,60853
2025-08-03T16:16:04.973748,T15,BGP_FAIL,1088,107683
2025-08-03T06:26:04.973748,R8,HARDWARE_FAIL,146,869254
2025-08-04T00:19:04.973748,T6,CONFIG_ERROR,863,378959
2025-08-03T07:05:04.973748,T2,TIMEOUT,2831,97236
2025-08-03T12:44:04.973748,T20,HARDWARE_FAIL,1396,814164
2025-08-04T00:07:04.973748,T17,TIMEOUT,5324,291934
2025-08-03T12:17:04.973748,T5,LINK_DOWN,3354,167239
2025-08-03T03:32:04.973748,R8,HARDWARE_FAIL,9187,715595
2025-08-03T20:58:04.973748,T14,POWER_FAIL,9473,983720
2025-08-03T03:05:04.973748,T4,POWER_FAIL,4363,391127
2025-08-03T03:57:04.973748,T12,HARDWARE_FAIL,1191,713676
2025-08-03T23:01:04.973748,R9,LINK_DOWN,6701,146012
2025-08-03T03:07:04.973748,T18,TIMEOUT,8304,587217
2025-08-03T23:48:04.973748,R3,LINK_DOWN,4499,216899
2025-08-03T06:09:04.973748,T20,OVERLOAD,5258,468125
2025-08-03T14:43:04.973748,T18,FIBER_CUT,9683,528527
2025-08-03T12:42:04.973748,T1,LINK_DOWN,5403,806713
2025-08-03T08:18:04.973748,T3,HARDWARE_FAIL,6132,860809
2025-08-03T16:29:04.973748,T5,FIBER_CUT,958,754876
2025-08-03T19:06:04.973748,T5,HARDWARE_FAIL,5378,661649
2025-08-03T13:47:04.973748,T7,BGP_FAIL,5183,57077
2025-08-03T16:53:04.973748,T14,TIMEOUT,7344,474350
2025-08-03T01:27:04.973748,T7,LINK_DOWN,1489,755398
2025-08-03T16:07:04.973748,T7,OVERLOAD,980,290702
2025-08-03T22:16:04.973748,T4,LINK_DOWN,4009,506057
2025-08-03T22:20:04.973748,R6,BGP_FAIL,1695,246012
2025-08-03T06:42:04.973748,T2,TIMEOUT,3518,729823
2025-08-03T11:30:04.973748,T6,HARDWARE_FAIL,9115,899520
2025-08-03T14:07:04.973748,T6,TIMEOUT,2417,326985
2025-08-03T21:42:04.973748,T6,CONFIG_ERROR,3622,616806
2025-08-03T01:01:04.973748,T12,LINK_DOWN,2909,303544
2025-08-03T12:40:04.973748,T12,TIMEOUT,2349,206613
2025-08-03T16:26:04.973748,T5,LINK_DOWN,8276,723823
2025-08-03T01:29:04.973748,T15,HARDWARE_FAIL,8698,244878
2025-08-03T21:56:04.973748,R7,CONFIG_ERROR,9863,907687
2025-08-03T10:09:04.973748,T14,CONFIG_ERROR,3546,60771
2025-08-03T13:59:04.973748,T5,FIBER_CUT,5841,43274
2025-08-03T01:54:04.973748,T3,OVERLOAD,7686,67535
2025-08-03T06:22:04.973748,T13,FIBER_CUT,8615,401444
2025-08-03T09:33:04.973748,R2,TIMEOUT,6342,795362
2025-08-03T19:09:04.973748,R3,TIMEOUT,388,869114
2025-08-03T22:42:04.973748,R1,OVERLOAD,9268,803884
2025-08-03T00:40:04.973748,T19,CONFIG_ERROR,1701,938624
2025-08-03T22:36:04.973748,T16,BGP_FAIL,5104,696506
2025-08-03T03:41:04.973748,T2,TIMEOUT,6506,885248
2025-08-03T02:26:04.973748,R8,FIBER_CUT,3675,292897
2025-08-03T18:39:04.973748,R4,BGP_FAIL,7773,703578
2025-08-03T04:14:04.973748,T14,TIMEOUT,2340,230655
2025-08-03T03:02:04.973748,R3,TIMEOUT,1638,52533
2025-08-03T05:20:04.973748,R3,LINK_DOWN,7658,997231
2025-08-03T15:58:04.973748,T19,FIBER_CUT,9107,901135
2025-08-03T22:27:04.973748,T16,TIMEOUT,7556,191421
2025-08-03T20:02:04.973748,R8,BGP_FAIL,323,230770
2025-08-03T01:32:04.973748,T20,FIBER_CUT,5997,524486
2025-08-03T22:58:04.973748,R1,POWER_FAIL,2546,468227
2025-08-03T22:08:04.973748,T15,CONFIG_ERROR,516,701948
2025-08-03T21:01:04.973748,T19,LINK_DOWN,9478,879234
2025-08-03T16:27:04.973748,T3,TIMEOUT,1533,365085
2025-08-03T16:06:04.973748,R2,FIBER_CUT,5936,870364
2025-08-03T01:51:04.973748,R8,OVERLOAD,6162,947068
2025-08-03T18:30:04.973748,R3,OVERLOAD,2134,85062
2025-08-03T21:57:04.973748,R4,LINK_DOWN,1322,820689
2025-08-03T06:16:04.973748,R6,LINK_DOWN,7359,161048
2025-08-03T18:18:04.973748,R3,CONFIG_ERROR,9694,808641
2025-08-03T15:24:04.973748,R7,LINK_DOWN,1961,771642
2025-08-03T09:58:04.973748,T10,TIMEOUT,6072,4129
2025-08-03T10:43:04.973748,T5,CONFIG_ERROR,8015,960399
2025-08-03T10:36:04.973748,T12,LINK_DOWN,2219,812147
2025-08-03T23:43:04.973748,R9,CONFIG_ERROR,9481,161268
2025-08-03T07:38:04.973748,T3,OVERLOAD,9771,228790
2025-08-03T16:14:04.973748,T17,OVERLOAD,2342,450050
2025-08-03T00:40:04.973748,T12,TIMEOUT,1507,749048
2025-08-03T23:49:04.973748,T20,OVERLOAD,4219,878648
2025-08-03T20:26:04.973748,T16,HARDWARE_FAIL,1637,219128
2025-08-03T23:29:04.973748,T7,HARDWARE_FAIL,306,689600
2025-08-03T07:28:04.973748,T18,OVERLOAD,5382,367866
2025-08-03T17:22:04.973748,T18,OVERLOAD,2296,600346
2025-08-03T02:53:04.973748,R6,TIMEOUT,9536,351870
2025-08-03T15:45:04.973748,T14,TIMEOUT,2858,270962
2025-08-03T18:00:04.973748,T11,LINK_DOWN,4150,620175
2025-08-03T05:38:04.973748,T20,POWER_FAIL,2300,301630
2025-08-03T03:11:04.973748,T4,TIMEOUT,6618,794636
2025-08-03T01:08:04.973748,R4,BGP_FAIL,7208,110885
2025-08-03T02:24:04.973748,R3,LINK_DOWN,4725,376739
2025-08-03T18:50:04.973748,R1,OVERLOAD,3797,76483
2025-08-03T09:06:04.973748,T1,OVERLOAD,406,474134
2025-08-03T17:39:04.973748,T9,POWER_FAIL,2665,45011
2025-08-03T11:21:04.973748,R10,OVERLOAD,3111,592127
2025-08-03T14:38:04.973748,T20,TIMEOUT,5658,907989
2025-08-03T11:21:04.973748,T9,TIMEOUT,4216,286649
2025-08-03T05:35:04.973748,R8,HARDWARE_FAIL,4854,68584
2025-08-03T05:47:04.973748,R6,CONFIG_ERROR,6750,525132
2025-08-03T03:58:04.973748,T16,FIBER_CUT,6517,398758
2025-08-03T08:03:04.973748,R1,OVERLOAD,3077,104149
2025-08-03T16:01:04.973748,T4,TIMEOUT,688,616035
2025-08-03T22:24:04.973748,T4,LINK_DOWN,7813,894689
2025-08-03T15:12:04.973748,T3,OVERLOAD,3218,519883
2025-08-03T06:57:04.973748,T14,BGP_FAIL,1935,22751
2025-08-03T18:50:04.973748,T5,CONFIG_ERROR,5545,934309
2025-08-03T13:24:04.973748,R2,HARDWARE_FAIL,2534,656907
2025-08-03T22:33:04.973748,T8,POWER_FAIL,1414,388744
2025-08-03T06:57:04.973748,R5,FIBER_CUT,9195,691439
2025-08-03T09:40:04.973748,T17,LINK_DOWN,4124,915256
2025-08-03T16:44:04.973748,T4,POWER_FAIL,6538,761917
2025-08-03T05:00:04.973748,R10,FIBER_CUT,5151,935291
2025-08-03T18:50:04.973748,T11,TIMEOUT,9477,276240
2025-08-03T23:17:04.973748,T13,TIMEOUT,8267,864057
2025-08-03T15:11:04.973748,T19,TIMEOUT,6687,270147
2025-08-03T01:17:04.973748,T13,TIMEOUT,4752,381082
2025-08-03T16:08:04.973748,T11,BGP_FAIL,9740,341795
2025-08-03T05:05:04.973748,T6,LINK_DOWN,4179,248125
2025-08-03T22:06:04.973748,R10,OVERLOAD,7066,23379
2025-08-03T21:49:04.973748,R9,TIMEOUT,1793,315980
2025-08-04T00:10:04.973748,T12,CONFIG_ERROR,5529,791752
2025-08-03T00:46:04.973748,R7,OVERLOAD,5808,245466
2025-08-03T08:33:04.973748,T20,OVERLOAD,740,28390
2025-08-03T16:43:04.973748,R9,POWER_FAIL,3195,995506
2025-08-03T10:02:04.973748,T18,TIMEOUT,6603,961502
2025-08-03T16:49:04.973748,T4,TIMEOUT,8070,93389
2025-08-03T15:39:04.973748,R6,TIMEOUT,375,809048
2025-08-03T17:53:04.973748,T18,FIBER_CUT,8158,805923
2025-08-03T05:09:04.973748,T18,CONFIG_ERROR,6796,934823
2025-08-03T16:03:04.973748,T14,OVERLOAD,4097,628535
2025-08-03T17:15:04.973748,R4,OVERLOAD,1931,845973
2025-08-03T23:35:04.973748,T4,FIBER_CUT,8502,345915
2025-08-03T15:14:04.973748,T2,POWER_FAIL,3289,7536
2025-08-03T05:18:04.973748,T18,HARDWARE_FAIL,1167,846258
2025-08-03T19:43:04.973748,T16,FIBER_CUT,167,76099
2025-08-03T04:42:04.973748,T18,CONFIG_ERROR,7520,806953
2025-08-03T12:32:04.973748,T17,BGP_FAIL,5490,839079
2025-08-03T10:11:04.973748,R10,FIBER_CUT,6380,807492
2025-08-04T00:01:04.973748,T18,FIBER_CUT,9737,844159
2025-08-03T20:09:04.973748,R5,FIBER_CUT,4647,152385
2025-08-03T17:03:04.973748,T13,OVERLOAD,1204,291793
2025-08-03T07:19:04.973748,T5,TIMEOUT,8465,415000
2025-08-04T00:10:04.973748,T18,LINK_DOWN,6830,434132
2025-08-03T23:07:04.973748,R10,BGP_FAIL,849,885316
2025-08-03T12:26:04.973748,R10,LINK_DOWN,858,55626
2025-08-03T10:59:04.973748,T10,FIBER_CUT,8579,123724
2025-08-03T14:07:04.973748,T19,LINK_DOWN,2326,32595
2025-08-03T08:34:04.973748,R5,TIMEOUT,6930,83856
2025-08-03T14:29:04.973748,T15,HARDWARE_FAIL,2377,772934
2025-08-03T12:34:04.973748,T9,OVERLOAD,7247,265504
2025-08-03T19:49:04.973748,T1,HARDWARE_FAIL,8338,706064
2025-08-03T03:17:04.973748,T16,HARDWARE_FAIL,6493,748952
2025-08-03T18:11:04.973748,T12,LINK_DOWN,7124,726807
2025-08-03T18:51:04.973748,T3,LINK_DOWN,2219,575635
2025-08-03T14:33:04.973748,R1,FIBER_CUT,5769,863581
2025-08-03T18:04:04.973748,T17,HARDWARE_FAIL,5073,356828
2025-08-03T17:38:04.973748,T15,BGP_FAIL,6125,951405
2025-08-03T11:51:04.973748,T10,BGP_FAIL,3670,50966
2025-08-03T17:06:04.973748,T14,BGP_FAIL,7519,16224
2025-08-03T04:03:04.973748,R5,POWER_FAIL,1469,441116
2025-08-03T03:07:04.973748,T3,HARDWARE_FAIL,7835,479818
2025-08-03T15:40:04.973748,T15,TIMEOUT,9218,266787
2025-08-03T05:37:04.973748,T13,TIMEOUT,9347,265797
2025-08-03T01:37:04.973748,T18,LINK_DOWN,2325,325280
2025-08-03T22:06:04.973748,T15,POWER_FAIL,8875,674672
2025-08-03T14:02:04.973748,R9,OVERLOAD,3678,942413
2025-08-03T15:11:04.973748,T1,POWER_FAIL,8123,224342
2025-08-03T16:35:04.973748,T17,FIBER_CUT,5118,105492
2025-08-03T03:04:04.973748,T18,HARDWARE_FAIL,7733,537271
2025-08-04T00:24:04.973748,T8,TIMEOUT,6285,100735
2025-08-03T14:40:04.973748,T19,BGP_FAIL,6948,348187
2025-08-03T13:15:04.973748,T11,TIMEOUT,4818,440193
2025-08-03T05:11:04.973748,R8,LINK_DOWN,8004,748791
2025-08-03T11:16:04.973748,T5,OVERLOAD,4802,781513
2025-08-03T19:25:04.973748,T13,TIMEOUT,8903,807291
2025-08-03T07:36:04.973748,T1,HARDWARE_FAIL,914,397593
2025-08-03T07:19:04.973748,T4,TIMEOUT,6524,423704
2025-08-03T23:45:04.973748,T5,FIBER_CUT,1242,689896
2025-08-03T00:49:04.973748,R5,POWER_FAIL,1622,627931
2025-08-03T04:06:04.973748,R1,OVERLOAD,2417,385018
2025-08-03T02:02:04.973748,T18,OVERLOAD,3966,426827
2025-08-03T15:47:04.973748,T14,TIMEOUT,7870,65598
2025-08-03T09:43:04.973748,T2,OVERLOAD,4385,542643
2025-08-03T12:37:04.973748,T15,CONFIG_ERROR,7722,7114
2025-08-03T15:04:04.973748,T15,OVERLOAD,38,949615
2025-08-03T12:43:04.973748,T17,OVERLOAD,8132,749429
2025-08-03T23:35:04.973748,R10,BGP_FAIL,9576,440381
2025-08-03T20:27:04.973748,R9,TIMEOUT,3023,801324
2025-08-03T12:22:04.973748,T19,HARDWARE_FAIL,4548,982542
2025-08-03T15:37:04.973748,T6,HARDWARE_FAIL,8265,706605
2025-08-03T06:33:04.973748,R10,OVERLOAD,3658,582003
2025-08-03T02:16:04.973748,R8,OVERLOAD,9021,676793
2025-08-04T00:12:04.973748,R6,OVERLOAD,8050,539787
2025-08-03T11:34:04.973748,R3,BGP_FAIL,4441,609381
2025-08-03T11:35:04.973748,R4,LINK_DOWN,6449,304976
2025-08-03T03:50:04.973748,T2,FIBER_CUT,2692,265181
2025-08-03T23:19:04.973748,R10,POWER_FAIL,2527,585696
2025-08-03T08:44:04.973748,T18,FIBER_CUT,8162,441816
2025-08-03T03:40:04.973748,R1,POWER_FAIL,8468,992498
2025-08-03T13:02:04.973748,T10,HARDWARE_FAIL,441,534378
2025-08-03T14:42:04.973748,T7,FIBER_CUT,1463,400908
2025-08-03T21:45:04.973748,T13,BGP_FAIL,7578,617227
2025-08-03T22:32:04.973748,T3,LINK_DOWN,8085,477731
2025-08-03T08:14:04.973748,T13,CONFIG_ERROR,6497,945893
2025-08-03T07:12:04.973748,R6,FIBER_CUT,4389,881772
2025-08-03T14:30:04.973748,T4,FIBER_CUT,9660,314990
2025-08-03T21:35:04.973748,T1,LINK_DOWN,346,111678
2025-08-03T05:23:04.973748,T12,TIMEOUT,2268,958202
2025-08-03T16:38:04.973748,T4,POWER_FAIL,4775,97136
2025-08-03T12:58:04.973748,T16,LINK_DOWN,315,119297
2025-08-03T09:50:04.973748,T2,BGP_FAIL,2031,588915
2025-08-03T01:32:04.973748,R6,LINK_DOWN,1250,50644
2025-08-03T20:04:04.973748,T9,OVERLOAD,1496,80823
2025-08-03T20:17:04.973748,T6,OVERLOAD,6608,496109
2025-08-03T13:26:04.973748,T2,TIMEOUT,7646,239103
2025-08-03T21:16:04.973748,R4,OVERLOAD,7723,233870
2025-08-03T04:12:04.973748,T17,LINK_DOWN,9583,573701
2025-08-03T17:02:04.973748,T19,FIBER_CUT,1783,796564
2025-08-04T00:10:04.973748,T1,HARDWARE_FAIL,5100,87324
2025-08-03T06:51:04.973748,R7,LINK_DOWN,9606,157346
2025-08-03T22:17:04.973748,R10,LINK_DOWN,6529,796148
2025-08-03T13:59:04.973748,T18,OVERLOAD,6640,797969
2025-08-03T15:27:04.973748,R3,POWER_FAIL,3116,211264
2025-08-03T06:41:04.973748,R5,LINK_DOWN,9001,110671
2025-08-03T12:20:04.973748,R9,LINK_DOWN,4666,440514
2025-08-03T09:54:04.973748,R3,CONFIG_ERROR,5707,842588
2025-08-03T22:31:04.973748,T15,FIBER_CUT,954,603032
2025-08-03T17:18:04.973748,T9,FIBER_CUT,9355,603250
2025-08-03T17:14:04.973748,T14,TIMEOUT,678,308359
2025-08-03T22:24:04.973748,T15,HARDWARE_FAIL,5246,84700
2025-08-03T23:46:04.973748,T12,LINK_DOWN,4836,118744
2025-08-03T20:24:04.973748,T16,OVERLOAD,5489,614503
2025-08-03T18:44:04.973748,T11,POWER_FAIL,2561,669659
2025-08-03T03:52:04.973748,T9,LINK_DOWN,3331,12917
2025-08-03T15:18:04.973748,T9,OVERLOAD,8083,491826
2025-08-03T07:20:04.973748,T10,OVERLOAD,898,873775
2025-08-03T22:40:04.973748,T10,HARDWARE_FAIL,8600,712259
2025-08-03T07:45:04.973748,R10,LINK_DOWN,5647,494631
2025-08-03T22:52:04.973748,R9,LINK_DOWN,8786,924522
2025-08-03T23:55:04.973748,T13,HARDWARE_FAIL,8288,367450
2025-08-03T17:14:04.973748,T9,HARDWARE_FAIL,2861,22840
2025-08-03T07:50:04.973748,T18,POWER_FAIL,4965,585670
2025-08-03T09:22:04.973748,R2,LINK_DOWN,8576,114755
2025-08-03T17:02:04.973748,R10,OVERLOAD,1288,145014
2025-08-03T11:42:04.973748,R6,CONFIG_ERROR,8657,975346
2025-08-03T01:02:04.973748,R7,OVERLOAD,5587,583664
2025-08-03T06:02:04.973748,T13,FIBER_CUT,1738,453024
2025-08-03T23:20:04.973748,T20,POWER_FAIL,2550,276130
2025-08-03T17:41:04.973748,R1,BGP_FAIL,7815,501100
2025-08-04T00:28:04.973748,T14,POWER_FAIL,2403,355106
2025-08-03T01:39:04.973748,R7,POWER_FAIL,2632,118206
2025-08-03T20:44:04.973748,T8,OVERLOAD,2960,634812
2025-08-03T04:53:04.973748,R2,CONFIG_ERROR,1463,874378
2025-08-03T16:41:04.973748,T2,POWER_FAIL,8893,8073
2025-08-03T00:45:04.973748,T8,LINK_DOWN,6001,681217
2025-08-03T14:41:04.973748,R7,TIMEOUT,7601,349112
2025-08-03T00:48:04.973748,T12,TIMEOUT,9857,409503
2025-08-03T15:04:04.973748,T13,BGP_FAIL,6672,676221
2025-08-03T19:48:04.973748,T12,OVERLOAD,1899,748982
2025-08-03T11:23:04.973748,T7,OVERLOAD,3750,522069
2025-08-03T11:11:04.973748,T18,CONFIG_ERROR,959,566476
2025-08-03T11:22:04.973748,R9,OVERLOAD,8017,30432
2025-08-03T07:00:04.973748,R6,HARDWARE_FAIL,4323,279455
2025-08-03T09:59:04.973748,T15,FIBER_CUT,3835,383757
2025-08-03T10:54:04.973748,T14,LINK_DOWN,4856,35289
2025-08-03T05:04:04.973748,R5,FIBER_CUT,2199,505501
2025-08-03T00:30:04.973748,T9,LINK_DOWN,5963,35483
2025-08-03T10:53:04.973748,T16,LINK_DOWN,3429,231268
2025-08-03T10:17:04.973748,T6,HARDWARE_FAIL,5084,683905
2025-08-03T12:25:04.973748,R3,BGP_FAIL,5875,789138
2025-08-03T00:28:04.973748,T9,HARDWARE_FAIL,5823,948475
2025-08-03T22:11:04.973748,T17,CONFIG_ERROR,8301,700628
2025-08-03T03:40:04.973748,R9,TIMEOUT,5310,83236
2025-08-03T02:43:04.973748,R6,POWER_FAIL,809,575784
2025-08-03T02:55:04.973748,R6,LINK_DOWN,936,182826
2025-08-03T18:05:04.973748,R5,BGP_FAIL,9387,936761
2025-08-03T01:32:04.973748,T17,LINK_DOWN,2263,432598
2025-08-03T16:33:04.973748,T13,OVERLOAD,2569,802395
2025-08-03T13:55:04.973748,T4,TIMEOUT,7582,629214
2025-08-03T04:50:04.973748,T2,FIBER_CUT,9518,488738
2025-08-03T09:13:04.973748,R7,BGP_FAIL,5114,3846
2025-08-03T11:59:04.973748,T10,TIMEOUT,3328,995289
2025-08-03T18:20:04.973748,T20,TIMEOUT,9476,225249
2025-08-03T18:49:04.973748,R1,POWER_FAIL,2493,674629
2025-08-03T16:03:04.973748,T6,HARDWARE_FAIL,3886,878284
2025-08-03T01:06:04.973748,T7,LINK_DOWN,547,752610
2025-08-03T13:21:04.973748,R5,FIBER_CUT,999,180922
2025-08-03T00:52:04.973748,T2,HARDWARE_FAIL,9784,861045
2025-08-03T20:51:04.973748,T3,POWER_FAIL,7320,495026
2025-08-03T23:13:04.973748,T6,BGP_FAIL,4712,710600
2025-08-03T11:36:04.973748,R3,LINK_DOWN,2445,692511
2025-08-03T22:43:04.973748,T20,OVERLOAD,1660,833365
2025-08-03T23:32:04.973748,T11,FIBER_CUT,8155,243972
2025-08-03T06:11:04.973748,T17,FIBER_CUT,247,157068
2025-08-03T03:11:04.973748,R10,TIMEOUT,5677,469925
2025-08-03T12:00:04.973748,R3,OVERLOAD,9789,968722
2025-08-03T12:46:04.973748,R6,FIBER_CUT,8474,81058
2025-08-03T08:27:04.973748,R5,OVERLOAD,1179,809050
2025-08-03T02:36:04.973748,R8,POWER_FAIL,7184,375231
2025-08-03T07:12:04.973748,T4,FIBER_CUT,1901,594485
2025-08-03T18:52:04.973748,R8,BGP_FAIL,4520,64799
2025-08-03T10:40:04.973748,T6,FIBER_CUT,3768,955089
2025-08-03T23:22:04.973748,R10,CONFIG_ERROR,1618,562645
2025-08-03T20:30:04.973748,T13,CONFIG_ERROR,9848,326865
2025-08-03T23:09:04.973748,T3,OVERLOAD,7020,410109
2025-08-03T08:51:04.973748,T4,LINK_DOWN,7237,972183
2025-08-03T07:44:04.973748,T9,TIMEOUT,4470,818123
2025-08-03T21:32:04.973748,T14,LINK_DOWN,1580,811813
2025-08-03T23:21:04.973748,R6,CONFIG_ERROR,8538,313065
2025-08-03T17:36:04.973748,T7,BGP_FAIL,3457,895556
2025-08-04T00:28:04.973748,T7,BGP_FAIL,3547,843555
2025-08-03T23:08:04.973748,T16,HARDWARE_FAIL,1722,559343
2025-08-04T00:10:04.973748,T4,OVERLOAD,914,100063
2025-08-03T14:10:04.973748,T19,TIMEOUT,1366,937773
2025-08-03T04:02:04.973748,T17,OVERLOAD,9719,713376
2025-08-04T00:11:04.973748,T17,HARDWARE_FAIL,442,729285
2025-08-03T21:27:04.973748,T12,HARDWARE_FAIL,7214,61344
2025-08-03T23:51:04.973748,T5,BGP_FAIL,2950,147449
2025-08-03T10:01:04.973748,T4,HARDWARE_FAIL,7889,827076
2025-08-03T02:29:04.973748,T17,HARDWARE_FAIL,268,131456
2025-08-03T00:34:04.973748,R8,CONFIG_ERROR,6106,205096
2025-08-03T02:45:04.973748,T11,TIMEOUT,9380,615823
2025-08-03T14:42:04.973748,T9,BGP_FAIL,9195,261652
2025-08-03T00:53:04.973748,T7,BGP_FAIL,8308,249195
2025-08-03T12:45:04.973748,T18,TIMEOUT,8776,556801
2025-08-03T12:01:04.973748,T14,OVERLOAD,6883,673820
2025-08-03T19:20:04.973748,T10,FIBER_CUT,1734,612332
2025-08-03T08:23:04.973748,R4,CONFIG_ERROR,3757,92670
2025-08-03T11:42:04.973748,T9,FIBER_CUT,2738,620877
2025-08-04T00:05:04.973748,R1,CONFIG_ERROR,7397,551732
2025-08-03T13:56:04.973748,T7,LINK_DOWN,6526,707806
2025-08-03T22:12:04.973748,T11,TIMEOUT,122,499250
2025-08-03T22:10:04.973748,T2,HARDWARE_FAIL,4373,988046
2025-08-03T11:14:04.973748,T19,FIBER_CUT,4218,239591
2025-08-03T04:58:04.973748,R8,TIMEOUT,4615,301743
2025-08-03T05:18:04.973748,T8,TIMEOUT,605,30456
2025-08-04T00:21:04.973748,T6,OVERLOAD,8804,523977
2025-08-03T17:41:04.973748,T15,LINK_DOWN,6569,408527
2025-08-03T14:47:04.973748,R9,POWER_FAIL,8029,322645
2025-08-03T20:33:04.973748,T7,CONFIG_ERROR,7185,500957
2025-08-03T03:19:04.973748,T9,BGP_FAIL,8220,654879
2025-08-03T19:46:04.973748,T2,OVERLOAD,6319,37564
2025-08-03T06:35:04.973748,T2,TIMEOUT,3981,690816
2025-08-03T06:03:04.973748,R2,FIBER_CUT,2457,671242
2025-08-03T01:27:04.973748,R5,CONFIG_ERROR,7634,325435
2025-08-03T06:13:04.973748,T18,LINK_DOWN,2974,385602
2025-08-03T07:56:04.973748,T1,CONFIG_ERROR,1374,131474
2025-08-03T08:57:04.973748,T1,TIMEOUT,8054,789283
2025-08-03T13:44:04.973748,T6,OVERLOAD,2960,963292
2025-08-03T02:07:04.973748,T19,BGP_FAIL,9960,198265
2025-08-03T18:01:04.973748,T1,BGP_FAIL,299,971914
2025-08-03T10:26:04.973748,R9,CONFIG_ERROR,6778,666186
2025-08-03T10:18:04.973748,T18,OVERLOAD,2124,267979
2025-08-03T20:00:04.973748,T7,LINK_DOWN,9247,893654
2025-08-03T11:13:04.973748,T16,BGP_FAIL,3418,339196
2025-08-03T21:04:04.973748,T10,CONFIG_ERROR,4985,653399
2025-08-03T15:05:04.973748,R1,TIMEOUT,5226,522882
2025-08-03T19:57:04.973748,T8,FIBER_CUT,7849,830354
2025-08-03T18:52:04.973748,R1,FIBER_CUT,159,991955
2025-08-03T05:15:04.973748,T17,HARDWARE_FAIL,2863,376632
2025-08-03T13:28:04.973748,R8,POWER_FAIL,2979,546654
2025-08-03T23:56:04.973748,R6,OVERLOAD,3803,403900
2025-08-03T08:18:04.973748,R10,HARDWARE_FAIL,7464,547562
2025-08-03T23:30:04.973748,T1,TIMEOUT,4990,767765
2025-08-03T07:09:04.973748,T12,LINK_DOWN,7424,111643
2025-08-03T03:20:04.973748,R9,LINK_DOWN,9769,147416
2025-08-03T21:39:04.973748,T3,FIBER_CUT,3872,989484
2025-08-03T08:26:04.973748,R1,CONFIG_ERROR,4153,523297
2025-08-03T18:04:04.973748,R7,OVERLOAD,2062,772866
2025-08-03T08:01:04.973748,T4,LINK_DOWN,2452,140867
2025-08-03T01:43:04.973748,R8,FIBER_CUT,8079,972890
2025-08-03T19:04:04.973748,T13,OVERLOAD,5224,758812
2025-08-03T22:52:04.973748,T18,OVERLOAD,3567,144814
2025-08-03T06:16:04.973748,R3,CONFIG_ERROR,5206,450746
2025-08-03T03:13:04.973748,T13,LINK_DOWN,9771,867881
2025-08-03T06:46:04.973748,T15,FIBER_CUT,1115,347618
2025-08-03T12:26:04.973748,R5,BGP_FAIL,8831,182091
2025-08-04T00:13:04.973748,R7,CONFIG_ERROR,2263,875150
2025-08-03T10:17:04.973748,R3,FIBER_CUT,3791,698915
2025-08-03T03:44:04.973748,T20,TIMEOUT,7762,259755
2025-08-03T22:03:04.973748,R3,OVERLOAD,3742,68257
2025-08-03T22:03:04.973748,T5,POWER_FAIL,2316,254063
2025-08-03T02:50:04.973748,R10,BGP_FAIL,6163,10200
2025-08-03T13:22:04.973748,R6,HARDWARE_FAIL,2034,347798
2025-08-03T11:52:04.973748,T4,HARDWARE_FAIL,4126,386276
2025-08-03T01:11:04.973748,T5,HARDWARE_FAIL,1264,97235
2025-08-03T09:41:04.973748,T15,HARDWARE_FAIL,5511,116325
2025-08-03T08:17:04.973748,R1,TIMEOUT,5527,801961
2025-08-03T21:43:04.973748,T10,LINK_DOWN,3634,615820
2025-08-03T17:34:04.973748,T6,TIMEOUT,3196,216569
2025-08-03T21:52:04.973748,R10,TIMEOUT,1476,803570
2025-08-03T11:31:04.973748,T7,LINK_DOWN,543,115698
2025-08-03T16:21:04.973748,T19,LINK_DOWN,7911,944190
2025-08-03T10:06:04.973748,T13,CONFIG_ERROR,3648,864851
2025-08-03T02:33:04.973748,R10,LINK_DOWN,2809,353159
2025-08-03T12:06:04.973748,T4,HARDWARE_FAIL,2481,744184
2025-08-03T05:40:04.973748,T16,TIMEOUT,3794,14603
2025-08-03T12:02:04.973748,R1,HARDWARE_FAIL,415,413753
2025-08-03T14:46:04.973748,T14,LINK_DOWN,432,258888
2025-08-04T00:13:04.973748,T20,TIMEOUT,828,335923
2025-08-03T09:10:04.973748,T7,CONFIG_ERROR,155,520199
2025-08-04T00:27:04.973748,T11,HARDWARE_FAIL,8395,1812
2025-08-03T22:00:04.973748,T2,LINK_DOWN,9502,49865
2025-08-03T13:32:04.973748,T14,LINK_DOWN,6021,514165
2025-08-03T10:36:04.973748,R2,OVERLOAD,351,116947
2025-08-03T01:05:04.973748,T18,OVERLOAD,1263,248955
2025-08-03T13:32:04.973748,T4,TIMEOUT,9773,264147
2025-08-03T09:08:04.973748,T18,LINK_DOWN,2943,201306
2025-08-03T07:40:04.973748,R8,CONFIG_ERROR,2163,151546
2025-08-04T00:16:04.973748,R1,FIBER_CUT,4519,182409
2025-08-03T17:09:04.973748,R10,BGP_FAIL,6180,422112
2025-08-03T20:39:04.973748,T18,TIMEOUT,3121,751381
2025-08-03T21:23:04.973748,T9,BGP_FAIL,6378,852058
2025-08-03T19:39:04.973748,T8,LINK_DOWN,8326,141613
2025-08-03T02:01:04.973748,R6,CONFIG_ERROR,3032,289973
2025-08-03T00:41:04.973748,R5,OVERLOAD,2831,434930
2025-08-03T15:49:04.973748,T15,BGP_FAIL,3663,101002
2025-08-03T17:30:04.973748,T5,CONFIG_ERROR,4480,565084
2025-08-03T04:35:04.973748,T13,LINK_DOWN,4680,441715
2025-08-03T00:51:04.973748,R3,POWER_FAIL,7589,146006
2025-08-03T12:18:04.973748,R4,BGP_FAIL,1401,494954
2025-08-03T04:51:04.973748,T20,POWER_FAIL,3818,610504
2025-08-03T11:54:04.973748,T16,CONFIG_ERROR,7154,446370
2025-08-03T23:42:04.973748,T12,LINK_DOWN,9103,141199
2025-08-03T17:53:04.973748,T10,OVERLOAD,5778,239220
2025-08-03T08:57:04.973748,T17,TIMEOUT,6976,924549
2025-08-03T17:42:04.973748,T16,POWER_FAIL,3813,686179
2025-08-03T16:10:04.973748,T15,OVERLOAD,306,974830
2025-08-03T12:31:04.973748,T7,HARDWARE_FAIL,2205,350417
2025-08-03T07:56:04.973748,R4,OVERLOAD,5063,330930
2025-08-03T18:15:04.973748,R7,OVERLOAD,7147,302848
2025-08-03T09:37:04.973748,T17,POWER_FAIL,1031,884143
2025-08-03T19:14:04.973748,T2,FIBER_CUT,5623,176643
2025-08-03T18:50:04.973748,T15,OVERLOAD,4362,917114
2025-08-03T01:28:04.973748,T10,BGP_FAIL,5582,665535
2025-08-03T20:44:04.973748,T9,BGP_FAIL,9804,849521
2025-08-03T03:02:04.973748,T8,CONFIG_ERROR,2211,852592
2025-08-03T10:47:04.973748,T12,BGP_FAIL,2106,689106
2025-08-03T04:03:04.973748,T7,LINK_DOWN,2275,49476
2025-08-03T13:32:04.973748,R9,HARDWARE_FAIL,1636,865801
2025-08-03T22:58:04.973748,T17,BGP_FAIL,2278,621226
2025-08-03T04:56:04.973748,R1,OVERLOAD,5062,723508
2025-08-03T04:54:04.973748,T7,TIMEOUT,771,641307
2025-08-03T14:32:04.973748,T20,HARDWARE_FAIL,2009,410585
2025-08-03T15:10:04.973748,T17,HARDWARE_FAIL,7324,814442
2025-08-03T12:22:04.973748,R5,HARDWARE_FAIL,2450,630093
2025-08-03T20:55:04.973748,T5,CONFIG_ERROR,9448,531312
2025-08-03T17:26:04.973748,T7,LINK_DOWN,2778,330839
2025-08-03T07:27:04.973748,R2,OVERLOAD,8072,316275
2025-08-03T01:43:04.973748,T4,OVERLOAD,5992,46701
2025-08-03T17:22:04.973748,T18,OVERLOAD,2540,639379
2025-08-03T07:43:04.973748,T1,OVERLOAD,2375,330996
2025-08-03T17:30:04.973748,T16,CONFIG_ERROR,8675,693838
2025-08-03T09:22:04.973748,T15,POWER_FAIL,9731,854142
2025-08-03T18:22:04.973748,T9,CONFIG_ERROR,5119,80413
2025-08-03T03:12:04.973748,T16,LINK_DOWN,1547,560785
2025-08-03T18:44:04.973748,T5,TIMEOUT,6653,52911
2025-08-03T19:54:04.973748,T20,LINK_DOWN,2110,499168
2025-08-03T09:23:04.973748,R4,HARDWARE_FAIL,4098,871533
2025-08-03T00:33:04.973748,R4,OVERLOAD,9399,252146
2025-08-03T02:52:04.973748,T20,OVERLOAD,3703,447964
2025-08-03T18:17:04.973748,T9,BGP_FAIL,711,548067
2025-08-03T09:50:04.973748,T2,FIBER_CUT,9124,625849
2025-08-03T19:20:04.973748,T3,FIBER_CUT,9600,251809
2025-08-03T21:40:04.973748,R3,OVERLOAD,5094,224518
2025-08-03T09:29:04.973748,T15,FIBER_CUT,9943,722628
2025-08-03T02:52:04.973748,T20,BGP_FAIL,1344,951105
2025-08-03T09:43:04.973748,T16,BGP_FAIL,8238,518675
2025-08-03T21:33:04.973748,T4,OVERLOAD,2651,703111
2025-08-03T02:41:04.973748,T10,FIBER_CUT,9588,492215
2025-08-03T05:05:04.973748,R7,POWER_FAIL,2889,212992
2025-08-03T07:02:04.973748,T2,POWER_FAIL,5092,707253
2025-08-03T03:34:04.973748,R7,LINK_DOWN,1016,225806
2025-08-03T22:26:04.973748,R3,BGP_FAIL,2383,942893
2025-08-03T03:11:04.973748,R5,TIMEOUT,5941,519572
2025-08-03T14:08:04.973748,T9,OVERLOAD,6496,899411
2025-08-03T17:39:04.973748,T15,TIMEOUT,8908,166258
2025-08-03T15:10:04.973748,T12,FIBER_CUT,3198,190851
2025-08-03T19:53:04.973748,T15,LINK_DOWN,7944,534548
2025-08-03T14:07:04.973748,T16,TIMEOUT,3998,483331
2025-08-03T01:02:04.973748,T16,CONFIG_ERROR,9977,430582
2025-08-03T17:42:04.973748,R2,OVERLOAD,6990,712057
2025-08-03T03:58:04.973748,R10,FIBER_CUT,6215,293277
2025-08-03T22:34:04.973748,T13,FIBER_CUT,7039,556621
2025-08-03T04:40:04.973748,R8,OVERLOAD,8413,974885
2025-08-03T23:08:04.973748,T9,TIMEOUT,2669,835273
2025-08-03T16:16:04.973748,R3,FIBER_CUT,2039,440874
2025-08-03T07:03:04.973748,T12,TIMEOUT,4539,386079
2025-08-03T10:55:04.973748,T20,CONFIG_ERROR,2089,472319
2025-08-03T06:11:04.973748,R6,OVERLOAD,167,658846
2025-08-03T01:29:04.973748,R8,FIBER_CUT,7103,764031
2025-08-03T05:31:04.973748,T20,BGP_FAIL,7835,925237
2025-08-03T23:01:04.973748,R8,LINK_DOWN,3014,6141
2025-08-03T04:44:04.973748,R2,TIMEOUT,5615,737526
2025-08-03T07:46:04.973748,T17,LINK_DOWN,9184,43765
2025-08-03T02:36:04.973748,R7,TIMEOUT,6974,735517
2025-08-03T10:34:04.973748,T7,CONFIG_ERROR,3153,397919
2025-08-03T15:18:04.973748,R3,HARDWARE_FAIL,7272,177013
2025-08-03T11:35:04.973748,T7,FIBER_CUT,7939,709515
2025-08-03T18:08:04.973748,T2,FIBER_CUT,1387,529335
2025-08-03T21:12:04.973748,T1,FIBER_CUT,3246,30367
2025-08-03T22:32:04.973748,R5,OVERLOAD,9956,464058
2025-08-03T10:20:04.973748,T6,LINK_DOWN,6276,20197
2025-08-03T18:36:04.973748,R7,FIBER_CUT,2750,442210
2025-08-03T07:48:04.973748,R9,POWER_FAIL,6656,289570
2025-08-03T03:21:04.973748,T17,OVERLOAD,9517,888203
2025-08-03T14:15:04.973748,T1,POWER_FAIL,7983,89375
2025-08-03T08:10:04.973748,T4,CONFIG_ERROR,3748,490629
2025-08-03T23:08:04.973748,T9,OVERLOAD,252,145027
2025-08-03T07:32:04.973748,T5,BGP_FAIL,1722,27757
2025-08-03T15:55:04.973748,T10,OVERLOAD,1296,448229
2025-08-03T06:03:04.973748,T20,LINK_DOWN,8125,663468
2025-08-03T11:57:04.973748,R10,BGP_FAIL,7731,762071
2025-08-03T10:37:04.973748,T11,TIMEOUT,3589,706087
2025-08-03T01:06:04.973748,R3,FIBER_CUT,7488,84566
2025-08-04T00:12:04.973748,T14,HARDWARE_FAIL,9815,803206
2025-08-03T05:36:04.973748,R7,POWER_FAIL,4253,161806
2025-08-03T01:37:04.973748,T14,BGP_FAIL,1018,968583
2025-08-03T01:24:04.973748,T13,FIBER_CUT,1771,145069
2025-08-03T05:25:04.973748,T8,LINK_DOWN,7051,160185
2025-08-03T23:32:04.973748,R1,BGP_FAIL,4821,565909
2025-08-03T14:44:04.973748,R7,TIMEOUT,1350,141024
2025-08-03T22:38:04.973748,R10,TIMEOUT,9406,144892
2025-08-03T08:10:04.973748,R2,TIMEOUT,4202,724327
2025-08-03T13:12:04.973748,T5,TIMEOUT,6403,586373
2025-08-03T18:20:04.973748,R7,CONFIG_ERROR,992,555923
2025-08-03T11:32:04.973748,R8,OVERLOAD,3722,489215
2025-08-03T03:03:04.973748,T7,FIBER_CUT,3997,216225
2025-08-03T23:44:04.973748,T3,LINK_DOWN,5247,521618
2025-08-03T13:48:04.973748,T9,LINK_DOWN,4337,594742
2025-08-03T20:46:04.973748,R1,OVERLOAD,8247,988483
2025-08-03T12:16:04.973748,T13,LINK_DOWN,7482,251861
2025-08-03T08:47:04.973748,T1,TIMEOUT,4679,611427
2025-08-03T12:19:04.973748,T16,CONFIG_ERROR,7444,360723
2025-08-03T12:34:04.973748,R4,LINK_DOWN,366,775084
2025-08-03T02:51:04.973748,T3,TIMEOUT,5300,734050
2025-08-03T23:43:04.973748,T16,FIBER_CUT,7070,663918
2025-08-03T15:19:04.973748,R4,OVERLOAD,5886,608696
2025-08-03T03:59:04.973748,T10,HARDWARE_FAIL,4367,812110
2025-08-04T00:26:04.973748,T5,BGP_FAIL,8945,765842
2025-08-03T17:56:04.973748,T12,HARDWARE_FAIL,1726,333465
2025-08-03T02:39:04.973748,R6,OVERLOAD,83,581769
2025-08-03T10:47:04.973748,R6,LINK_DOWN,2705,927970
2025-08-03T15:59:04.973748,T19,LINK_DOWN,2233,294108
2025-08-03T13:48:04.973748,T12,HARDWARE_FAIL,2723,870852
2025-08-03T04:34:04.973748,R7,OVERLOAD,4883,401384
2025-08-03T06:46:04.973748,T1,OVERLOAD,1645,319223
2025-08-03T09:38:04.973748,T2,OVERLOAD,4698,945276
2025-08-03T17:15:04.973748,R4,OVERLOAD,4568,246973
2025-08-03T20:37:04.973748,T12,FIBER_CUT,9280,525968
2025-08-03T23:04:04.973748,R1,OVERLOAD,3833,73405
2025-08-03T06:14:04.973748,T17,OVERLOAD,4400,64785
2025-08-03T07:44:04.973748,T13,TIMEOUT,1657,44998
2025-08-03T16:01:04.973748,R7,OVERLOAD,3818,411164
2025-08-03T14:49:04.973748,T4,OVERLOAD,2212,551218
2025-08-03T23:32:04.973748,T6,POWER_FAIL,1876,275138
2025-08-03T17:04:04.973748,R9,OVERLOAD,9597,491275
2025-08-03T18:23:04.973748,T2,LINK_DOWN,1293,735858
2025-08-03T06:00:04.973748,T17,OVERLOAD,4880,401908
2025-08-03T17:59:04.973748,R8,LINK_DOWN,9577,302831
2025-08-03T12:38:04.973748,T20,HARDWARE_FAIL,4528,341403
2025-08-03T12:24:04.973748,T20,HARDWARE_FAIL,6634,183170
2025-08-03T05:28:04.973748,T18,POWER_FAIL,9131,503818
2025-08-03T10:37:04.973748,T13,OVERLOAD,9759,685903
2025-08-04T00:03:04.973748,T6,BGP_FAIL,3054,386769
2025-08-03T07:08:04.973748,T14,OVERLOAD,9636,876905
2025-08-03T19:06:04.973748,T7,FIBER_CUT,2356,530434
2025-08-03T07:01:04.973748,R1,BGP_FAIL,3963,273852
2025-08-03T21:52:04.973748,T8,OVERLOAD,4560,321760
2025-08-03T08:38:04.973748,R4,TIMEOUT,1234,157208
2025-08-03T00:34:04.973748,R6,TIMEOUT,5030,824495
2025-08-03T08:01:04.973748,T18,BGP_FAIL,4948,493499
2025-08-03T03:04:04.973748,R4,OVERLOAD,8804,232775
2025-08-03T06:37:04.973748,R7,HARDWARE_FAIL,3501,666189
2025-08-03T18:35:04.973748,T11,BGP_FAIL,5143,33129
2025-08-03T09:00:04.973748,R8,CONFIG_ERROR,5069,749295
2025-08-03T04:11:04.973748,T20,TIMEOUT,8974,445664
2025-08-03T17:17:04.973748,T8,BGP_FAIL,4404,46352
2025-08-03T03:54:04.973748,R10,CONFIG_ERROR,3377,534662
2025-08-03T18:11:04.973748,T6,OVERLOAD,611,5870
2025-08-03T12:50:04.973748,T18,TIMEOUT,4011,960760
2025-08-03T23:50:04.973748,R3,OVERLOAD,1082,804042
2025-08-03T00:49:04.973748,T9,FIBER_CUT,8417,344819
2025-08-03T03:26:04.973748,T14,POWER_FAIL,9811,312028
2025-08-03T07:16:04.973748,T6,OVERLOAD,9313,61817
2025-08-03T05:15:04.973748,R2,FIBER_CUT,7393,33403
2025-08-03T03:00:04.973748,R1,CONFIG_ERROR,230,781490
2025-08-03T15:19:04.973748,T11,TIMEOUT,2612,500246
2025-08-03T06:05:04.973748,R3,OVERLOAD,2997,282963
2025-08-03T23:57:04.973748,T10,FIBER_CUT,9210,193765
2025-08-03T21:43:04.973748,T7,POWER_FAIL,1375,236146
2025-08-03T22:39:04.973748,T16,POWER_FAIL,4185,628548
2025-08-03T01:05:04.973748,R7,OVERLOAD,4502,140120
2025-08-03T13:50:04.973748,T20,FIBER_CUT,2138,949040
2025-08-03T10:34:04.973748,T2,HARDWARE_FAIL,4682,368626
2025-08-03T23:03:04.973748,T16,TIMEOUT,8161,463558
2025-08-03T20:58:04.973748,R1,FIBER_CUT,8132,280257
2025-08-03T20:06:04.973748,R1,CONFIG_ERROR,9318,634814
2025-08-03T06:36:04.973748,T14,CONFIG_ERROR,1161,671308
2025-08-03T13:44:04.973748,T19,OVERLOAD,6466,407316
2025-08-03T10:34:04.973748,T9,TIMEOUT,383,135848
2025-08-03T18:23:04.973748,T17,CONFIG_ERROR,3925,422968
2025-08-03T15:49:04.973748,T7,CONFIG_ERROR,653,841833
2025-08-03T00:46:04.973748,T15,LINK_DOWN,1128,749050
2025-08-03T03:07:04.973748,T19,POWER_FAIL,5433,98629
2025-08-04T00:26:04.973748,T7,FIBER_CUT,3598,164598
2025-08-03T04:16:04.973748,T2,TIMEOUT,7710,608939
2025-08-03T00:38:04.973748,T12,LINK_DOWN,9448,626088
2025-08-03T18:04:04.973748,T19,LINK_DOWN,4626,726654
2025-08-03T10:28:04.973748,T10,TIMEOUT,2366,308174
2025-08-03T23:47:04.973748,R7,LINK_DOWN,8784,803210
2025-08-03T10:07:04.973748,T5,TIMEOUT,5587,977308
2025-08-03T23:05:04.973748,T10,LINK_DOWN,248,661425
2025-08-03T22:48:04.973748,R3,CONFIG_ERROR,2707,462108
2025-08-03T07:58:04.973748,T1,LINK_DOWN,3661,229550
2025-08-03T06:47:04.973748,T4,HARDWARE_FAIL,4333,272019
2025-08-03T12:38:04.973748,T2,CONFIG_ERROR,4555,225543
2025-08-04T00:16:04.973748,T1,CONFIG_ERROR,4300,892993
2025-08-03T14:55:04.973748,T14,TIMEOUT,7341,546165
2025-08-03T23:00:04.973748,T5,TIMEOUT,3172,162332
2025-08-03T02:04:04.973748,R2,LINK_DOWN,3353,583972
2025-08-03T16:58:04.973748,T16,TIMEOUT,4307,677473
2025-08-03T08:14:04.973748,R9,HARDWARE_FAIL,5096,618643
2025-08-03T10:16:04.973748,T8,TIMEOUT,4487,708139
2025-08-03T08:56:04.973748,R5,LINK_DOWN,25,202491
2025-08-03T15:49:04.973748,R1,OVERLOAD,45,415788
2025-08-03T05:23:04.973748,T3,OVERLOAD,6585,328501
2025-08-03T06:08:04.973748,T16,OVERLOAD,1230,191814
2025-08-03T00:36:04.973748,T5,POWER_FAIL,3459,798320
2025-08-03T19:08:04.973748,T4,TIMEOUT,6215,466930
2025-08-03T23:26:04.973748,R4,TIMEOUT,8585,265166
2025-08-03T14:10:04.973748,T6,BGP_FAIL,7034,434378
2025-08-03T08:10:04.973748,R7,FIBER_CUT,7681,247972
2025-08-03T21:38:04.973748,T6,OVERLOAD,5545,181188
2025-08-03T21:16:04.973748,T8,BGP_FAIL,5829,515945
2025-08-03T11:24:04.973748,R4,BGP_FAIL,8887,864449
2025-08-03T04:18:04.973748,T11,LINK_DOWN,7497,803234
2025-08-03T14:09:04.973748,R5,OVERLOAD,484,509131
2025-08-03T09:32:04.973748,T4,BGP_FAIL,6162,829372
2025-08-03T09:28:04.973748,T12,OVERLOAD,5365,255132
2025-08-03T19:47:04.973748,R7,OVERLOAD,7950,315959
2025-08-03T00:37:04.973748,R1,CONFIG_ERROR,8724,515819
2025-08-03T21:51:04.973748,T13,BGP_FAIL,5640,272648
2025-08-03T10:00:04.973748,R1,FIBER_CUT,7440,117048
2025-08-03T00:44:04.973748,T5,TIMEOUT,1595,791045
2025-08-03T11:29:04.973748,R2,OVERLOAD,1503,416028
2025-08-03T00:50:04.973748,T8,BGP_FAIL,2037,823710
2025-08-03T09:40:04.973748,R9,CONFIG_ERROR,166,986071
2025-08-03T05:29:04.973748,R5,LINK_DOWN,3578,332995
2025-08-03T12:05:04.973748,R2,FIBER_CUT,3123,383311
2025-08-03T01:47:04.973748,R10,CONFIG_ERROR,7891,125229
2025-08-03T19:56:04.973748,T11,POWER_FAIL,1333,477381
2025-08-03T02:47:04.973748,T9,TIMEOUT,9113,152489
2025-08-03T01:10:04.973748,T8,OVERLOAD,1580,559072
2025-08-03T11:32:04.973748,T16,LINK_DOWN,7417,543139
2025-08-03T14:10:04.973748,R4,BGP_FAIL,7951,670195
2025-08-03T09:36:04.973748,T1,FIBER_CUT,4615,80060
2025-08-03T14:16:04.973748,T19,TIMEOUT,4369,308267
2025-08-03T10:56:04.973748,R6,CONFIG_ERROR,8626,213276
2025-08-03T20:24:04.973748,R6,LINK_DOWN,5505,417634
2025-08-03T14:09:04.973748,R2,BGP_FAIL,4153,774160
2025-08-03T22:10:04.973748,T15,LINK_DOWN,5458,122423
2025-08-03T20:45:04.973748,T8,OVERLOAD,2810,646189
2025-08-03T16:49:04.973748,T3,FIBER_CUT,9524,424028
2025-08-03T15:05:04.973748,T4,BGP_FAIL,1061,401166
2025-08-03T07:47:04.973748,R5,CONFIG_ERROR,2488,853818
2025-08-03T10:55:04.973748,T12,BGP_FAIL,6494,59444
2025-08-03T21:16:04.973748,T14,OVERLOAD,2937,776300
2025-08-03T15:55:04.973748,R2,LINK_DOWN,2699,149393
2025-08-03T12:39:04.973748,R1,OVERLOAD,7542,323922
2025-08-03T18:11:04.973748,R3,BGP_FAIL,9674,64308
2025-08-03T21:54:04.973748,R9,TIMEOUT,560,595807
2025-08-03T13:56:04.973748,T10,HARDWARE_FAIL,2218,797485
2025-08-03T22:38:04.973748,R6,OVERLOAD,602,658052
2025-08-03T09:54:04.973748,T13,TIMEOUT,4617,268147
2025-08-03T09:55:04.973748,T6,POWER_FAIL,7623,712491
2025-08-03T19:53:04.973748,R4,TIMEOUT,9483,983941
2025-08-03T19:37:04.973748,R5,FIBER_CUT,6868,791626
2025-08-03T06:16:04.973748,T12,OVERLOAD,548,773490
2025-08-03T11:47:04.973748,T10,TIMEOUT,1336,910502
2025-08-03T03:53:04.973748,R6,LINK_DOWN,5155,560520
2025-08-03T01:46:04.973748,T15,HARDWARE_FAIL,2601,416454
2025-08-03T14:17:04.973748,T3,CONFIG_ERROR,4666,807370
2025-08-03T13:26:04.973748,T1,HARDWARE_FAIL,623,649546
2025-08-03T17:29:04.973748,R5,CONFIG_ERROR,6482,575975
2025-08-03T03:42:04.973748,T16,TIMEOUT,7047,3771
2025-08-03T16:48:04.973748,R9,LINK_DOWN,6567,856752
2025-08-03T20:36:04.973748,T3,OVERLOAD,7589,905363
2025-08-03T17:31:04.973748,T9,LINK_DOWN,1367,396473
2025-08-03T22:33:04.973748,T7,TIMEOUT,9079,437460
2025-08-03T03:29:04.973748,T5,POWER_FAIL,5378,156279
2025-08-03T22:46:04.973748,R7,CONFIG_ERROR,8710,94113
2025-08-03T20:23:04.973748,T17,TIMEOUT,6778,493067
2025-08-03T02:35:04.973748,T19,POWER_FAIL,824,73196
2025-08-03T01:37:04.973748,R9,TIMEOUT,3007,795566
2025-08-03T07:49:04.973748,T5,BGP_FAIL,9472,726451
2025-08-03T17:04:04.973748,T2,OVERLOAD,587,800669
2025-08-03T21:28:04.973748,T11,FIBER_CUT,9104,929768
2025-08-03T02:14:04.973748,R2,FIBER_CUT,3945,938533
2025-08-03T22:00:04.973748,R4,BGP_FAIL,2828,140022
2025-08-03T07:52:04.973748,T2,OVERLOAD,6369,451501
2025-08-03T20:35:04.973748,T12,TIMEOUT,7159,274406
2025-08-03T22:27:04.973748,T4,BGP_FAIL,462,919104
2025-08-03T17:51:04.973748,R3,OVERLOAD,6890,459857
2025-08-03T19:30:04.973748,T15,LINK_DOWN,8092,381890
2025-08-04T00:17:04.973748,T9,BGP_FAIL,1517,374356
2025-08-03T10:47:04.973748,T2,OVERLOAD,7078,910819
2025-08-03T07:18:04.973748,T10,CONFIG_ERROR,300,191727
2025-08-04T00:01:04.973748,R5,FIBER_CUT,4913,282590
2025-08-03T20:38:04.973748,T7,HARDWARE_FAIL,8285,435162
2025-08-03T08:59:04.973748,R6,TIMEOUT,2970,821990
2025-08-03T09:11:04.973748,T4,CONFIG_ERROR,1018,196203
2025-08-03T12:01:04.973748,T14,POWER_FAIL,5804,687802
2025-08-03T11:48:04.973748,T17,OVERLOAD,6924,429701
2025-08-03T15:07:04.973748,R2,LINK_DOWN,1900,898559
2025-08-03T01:40:04.973748,T20,BGP_FAIL,7201,739479
2025-08-03T04:06:04.973748,R7,OVERLOAD,3022,933446
2025-08-03T03:32:04.973748,R10,OVERLOAD,8710,637242
2025-08-03T05:27:04.973748,T11,TIMEOUT,1415,230527
2025-08-03T17:57:04.973748,T14,TIMEOUT,3274,950859
2025-08-03T09:45:04.973748,R1,HARDWARE_FAIL,1777,13325
2025-08-03T11:34:04.973748,T8,FIBER_CUT,7090,48700
2025-08-03T05:18:04.973748,T10,LINK_DOWN,5611,421902
2025-08-03T18:04:04.973748,T3,HARDWARE_FAIL,1754,953610
2025-08-03T12:03:04.973748,T18,LINK_DOWN,1126,854852
2025-08-03T02:10:04.973748,R1,FIBER_CUT,2202,186001
2025-08-03T13:19:04.973748,R8,POWER_FAIL,9569,417822
2025-08-03T19:37:04.973748,T6,FIBER_CUT,5800,622373
2025-08-03T17:59:04.973748,R6,OVERLOAD,336,818416
2025-08-03T06:07:04.973748,T6,BGP_FAIL,6378,157716
2025-08-03T16:25:04.973748,R4,FIBER_CUT,9846,102420
2025-08-03T12:58:04.973748,T12,TIMEOUT,7959,903677
2025-08-03T10:43:04.973748,R5,FIBER_CUT,1834,607520
2025-08-03T16:03:04.973748,T5,OVERLOAD,5251,315789
2025-08-03T09:14:04.973748,T20,OVERLOAD,6836,255089
2025-08-03T14:29:04.973748,T8,FIBER_CUT,8452,880267
2025-08-03T10:46:04.973748,T4,LINK_DOWN,3576,393984
2025-08-03T07:12:04.973748,R6,FIBER_CUT,1252,456901
2025-08-03T11:44:04.973748,T1,HARDWARE_FAIL,9900,9217
2025-08-03T11:03:04.973748,R6,CONFIG_ERROR,515,178174
2025-08-03T20:55:04.973748,T12,CONFIG_ERROR,8515,197685
2025-08-03T17:55:04.973748,T8,CONFIG_ERROR,3882,211071
2025-08-03T14:11:04.973748,R5,TIMEOUT,3848,382486
2025-08-03T12:47:04.973748,T13,CONFIG_ERROR,7315,916487
2025-08-03T02:57:04.973748,T18,OVERLOAD,4960,921244
2025-08-03T10:59:04.973748,R5,OVERLOAD,4248,569752
2025-08-03T18:37:04.973748,T4,FIBER_CUT,3262,827381
2025-08-03T02:04:04.973748,T9,POWER_FAIL,4070,536237
2025-08-03T12:59:04.973748,T11,HARDWARE_FAIL,7967,292992
2025-08-03T10:50:04.973748,T3,POWER_FAIL,776,960319
2025-08-03T07:47:04.973748,R5,POWER_FAIL,8745,660528
2025-08-03T23:25:04.973748,T12,CONFIG_ERROR,5603,800909
2025-08-03T18:29:04.973748,R5,BGP_FAIL,8288,770098
2025-08-03T09:58:04.973748,T8,TIMEOUT,7872,961817
2025-08-03T12:39:04.973748,R8,CONFIG_ERROR,4704,926410
2025-08-03T00:30:04.973748,R6,OVERLOAD,3691,220047
2025-08-03T10:30:04.973748,R1,LINK_DOWN,990,220583
2025-08-03T07:50:04.973748,T5,OVERLOAD,5077,50221
2025-08-03T04:43:04.973748,T17,LINK_DOWN,4109,215205
2025-08-03T14:59:04.973748,T17,FIBER_CUT,3331,593563
2025-08-03T09:30:04.973748,R5,POWER_FAIL,8017,157740
2025-08-03T19:44:04.973748,T16,HARDWARE_FAIL,4874,876524
2025-08-03T15:29:04.973748,T6,OVERLOAD,8263,985445
2025-08-03T02:26:04.973748,R5,BGP_FAIL,3046,746460
2025-08-03T01:22:04.973748,T1,CONFIG_ERROR,6815,387080
2025-08-03T09:11:04.973748,T10,FIBER_CUT,552,529747
2025-08-03T20:50:04.973748,T3,OVERLOAD,782,365199
2025-08-03T19:56:04.973748,T15,OVERLOAD,7296,897463
2025-08-03T21:33:04.973748,R10,FIBER_CUT,3476,999663
2025-08-03T17:37:04.973748,T17,HARDWARE_FAIL,21,327540
2025-08-03T05:49:04.973748,T13,BGP_FAIL,6299,397250
2025-08-03T14:47:04.973748,T16,OVERLOAD,6585,642882
2025-08-03T04:49:04.973748,T16,LINK_DOWN,1261,308818
2025-08-03T19:58:04.973748,R4,HARDWARE_FAIL,2539,908402
2025-08-03T16:52:04.973748,T13,BGP_FAIL,1423,441510
2025-08-03T11:04:04.973748,T11,CONFIG_ERROR,9608,338323
2025-08-03T04:28:04.973748,R9,LINK_DOWN,354,112083
2025-08-03T05:08:04.973748,T19,FIBER_CUT,4825,320901
2025-08-03T17:21:04.973748,R6,TIMEOUT,5045,282019
2025-08-03T08:48:04.973748,T5,OVERLOAD,7734,681398
2025-08-03T02:40:04.973748,T1,FIBER_CUT,8601,539091
2025-08-03T11:08:04.973748,R7,BGP_FAIL,7846,435655
2025-08-03T23:49:04.973748,T20,LINK_DOWN,9921,131341
2025-08-03T21:16:04.973748,T3,TIMEOUT,5848,991648
2025-08-03T08:39:04.973748,T15,POWER_FAIL,3393,955881
2025-08-03T19:48:04.973748,T16,CONFIG_ERROR,1602,495198
2025-08-03T12:25:04.973748,T18,FIBER_CUT,275,495367
2025-08-03T19:12:04.973748,R10,CONFIG_ERROR,7065,701083
2025-08-03T18:57:04.973748,T9,OVERLOAD,8811,381067
2025-08-03T05:35:04.973748,R1,CONFIG_ERROR,6607,360030
2025-08-03T21:04:04.973748,T17,OVERLOAD,2117,927728
2025-08-03T13:25:04.973748,R8,BGP_FAIL,4511,994972
2025-08-03T16:03:04.973748,T6,OVERLOAD,4326,586856
2025-08-03T20:58:04.973748,T3,POWER_FAIL,8936,152561
2025-08-03T14:16:04.973748,T8,OVERLOAD,3093,844462
2025-08-03T02:44:04.973748,R4,LINK_DOWN,7483,302337
2025-08-03T11:34:04.973748,T11,OVERLOAD,1660,320312
2025-08-03T17:21:04.973748,T4,BGP_FAIL,8996,559078
2025-08-03T21:58:04.973748,T16,TIMEOUT,7893,967558
2025-08-03T23:42:04.973748,R10,TIMEOUT,2744,155821
2025-08-03T02:25:04.973748,T15,HARDWARE_FAIL,1913,590720
2025-08-03T09:28:04.973748,T13,POWER_FAIL,2790,454965
2025-08-03T03:39:04.973748,T13,FIBER_CUT,4181,287511
2025-08-03T04:19:04.973748,R8,FIBER_CUT,8148,954816
2025-08-03T22:46:04.973748,T10,TIMEOUT,5488,404471
2025-08-03T05:02:04.973748,R8,LINK_DOWN,429,671773
2025-08-03T02:38:04.973748,R4,FIBER_CUT,8694,277884
2025-08-03T23:32:04.973748,T8,HARDWARE_FAIL,1022,950410
2025-08-03T22:28:04.973748,R1,BGP_FAIL,9153,871840
2025-08-03T12:00:04.973748,T20,HARDWARE_FAIL,9386,586338
2025-08-03T15:21:04.973748,T18,FIBER_CUT,2323,543884
2025-08-03T08:46:04.973748,R4,TIMEOUT,6185,953187
2025-08-03T14:27:04.973748,R1,OVERLOAD,7064,899917
2025-08-03T02:12:04.973748,R7,TIMEOUT,609,892729
2025-08-03T19:53:04.973748,T6,LINK_DOWN,6785,604970
2025-08-03T22:00:04.973748,T10,HARDWARE_FAIL,5939,497070
2025-08-03T20:56:04.973748,R6,FIBER_CUT,5241,110953
2025-08-03T20:57:04.973748,T16,HARDWARE_FAIL,7144,540397
2025-08-03T13:05:04.973748,T5,POWER_FAIL,5027,131070
2025-08-03T21:25:04.973748,R2,OVERLOAD,4790,366385
2025-08-03T18:16:04.973748,T2,CONFIG_ERROR,2649,991822
2025-08-03T20:01:04.973748,T9,HARDWARE_FAIL,9018,12936
2025-08-03T16:28:04.973748,T18,CONFIG_ERROR,3627,558537
2025-08-03T18:34:04.973748,T4,CONFIG_ERROR,781,745774
2025-08-03T18:07:04.973748,T1,OVERLOAD,7871,159390
2025-08-03T14:01:04.973748,T15,CONFIG_ERROR,2763,305944
2025-08-03T10:52:04.973748,T3,OVERLOAD,4688,56965
2025-08-03T03:22:04.973748,R7,OVERLOAD,3135,737867
2025-08-03T04:36:04.973748,T13,FIBER_CUT,9726,475485
